audio_id,audio_path,speaker,duration_sec,reference_transcript,eligibility_status,exclusion_reason,duplicate_group,split,human_eval,gold_source,gold_pages,expected_key_points
1,dataset_benchmark/Audio_wav-20260708T055213Z-3-001/Audio_wav/1.wav,Vĩ,5.225,Làm sao để tắt tự động kết nối WiFi trên Windows?,excluded,audio_reference_mismatch,,excluded,False,,,
2,dataset_benchmark/Audio_wav-20260708T055213Z-3-001/Audio_wav/2.wav,Vĩ,4.457,,excluded,missing_reference,,excluded,False,,,
3,dataset_benchmark/Audio_wav-20260708T055213Z-3-001/Audio_wav/3.wav,Vĩ,4.287,Lệnh nào dùng để mở Network Connections khi cấu hình WiFi?,excluded,audio_reference_mismatch,,excluded,False,,,
4,dataset_benchmark/Audio_wav-20260708T055213Z-3-001/Audio_wav/4.wav,Vĩ,4.201,,excluded,missing_reference,,excluded,False,,,
5,dataset_benchmark/Audio_wav-20260708T055213Z-3-001/Audio_wav/5.wav,Vĩ,4.116,Tùy chọn nào dùng để bật hoặc tắt tự động kết nối mạng không dây?,excluded,audio_reference_mismatch,,excluded,False,,,
6,dataset_benchmark/Audio_wav-20260708T055213Z-3-001/Audio_wav/6.wav,Vĩ,3.86,Nếu không muốn máy tự kết nối WiFi khi ở trong vùng phủ sóng thì xử lý sao?,excluded,audio_reference_mismatch,,excluded,False,,,
7,dataset_benchmark/Audio_wav-20260708T055213Z-3-001/Audio_wav/7.wav,Vĩ,3.007,Nếu muốn máy tự kết nối WiFi khi có mạng trong vùng phủ sóng thì chọn mục nào?,excluded,audio_reference_mismatch,,excluded,False,,,
8,dataset_benchmark/Audio_wav-20260708T055213Z-3-001/Audio_wav/8.wav,Vĩ,3.775,Sau khi bật hoặc tắt Connect automatically thì cần nhấn gì?,excluded,audio_reference_mismatch,,excluded,False,,,
9,dataset_benchmark/Audio_wav-20260708T055213Z-3-001/Audio_wav/9.wav,Vĩ,4.201,Có thể chỉnh tự động kết nối WiFi ở phần nào?,excluded,audio_reference_mismatch,,excluded,False,,,
10,dataset_benchmark/Audio_wav-20260708T055213Z-3-001/Audio_wav/10.wav,Vĩ,4.372,Để vào phần Wireless Properties thì trước đó cần chọn gì?,excluded,audio_reference_mismatch,,excluded,False,,,
11,dataset_benchmark/Audio_wav-20260708T055213Z-3-001/Audio_wav/11.wav,Vĩ,3.945,Máy tính tự động kết nối WiFi không mong muốn,excluded,audio_reference_mismatch,,excluded,False,,,
12,dataset_benchmark/Audio_wav-20260708T055213Z-3-001/Audio_wav/12.wav,Vĩ,5.567,Giám thị cần hướng dẫn người dùng bật lại auto connect WiFi thì nói ngắn gọn thế nào?,excluded,audio_reference_mismatch,,excluded,False,,,
13,dataset_benchmark/Audio_wav-20260708T055213Z-3-001/Audio_wav/13.wav,Vĩ,4.031,Hướng dẫn này có nói cách đổi mật khẩu WiFi không?,excluded,audio_reference_mismatch,,excluded,False,,,
14,dataset_benchmark/Audio_wav-20260708T055213Z-3-001/Audio_wav/14.wav,Vĩ,5.737,Hướng dẫn này có nêu cách sửa lỗi mất mạng do router không?,excluded,audio_reference_mismatch,,excluded,False,,,
15,dataset_benchmark/Audio_wav-20260708T055213Z-3-001/Audio_wav/15.wav,Vĩ,5.481,Có cần khởi động lại máy tính sau khi bật/tắt tự động kết nối WiFi không?,excluded,audio_reference_mismatch,,excluded,False,,,
16,dataset_benchmark/Audio_wav-20260708T055213Z-3-001/Audio_wav/16.wav,Vĩ,5.567,Win + R dùng để làm gì?,excluded,audio_reference_mismatch,,excluded,False,,,
17,dataset_benchmark/Audio_wav-20260708T055213Z-3-001/Audio_wav/17.wav,Vĩ,6.847,Bước đầu tiên là gì?,excluded,audio_reference_mismatch,,excluded,False,,,
18,dataset_benchmark/Audio_wav-20260708T055213Z-3-001/Audio_wav/18.wav,Vĩ,6.079,Cần nhập gì vào Run?,excluded,audio_reference_mismatch,,excluded,False,,,
19,dataset_benchmark/Audio_wav-20260708T055213Z-3-001/Audio_wav/19.wav,Vĩ,4.969,ncpa.cpl dùng để mở gì?,excluded,audio_reference_mismatch,,excluded,False,,,
20,dataset_benchmark/Audio_wav-20260708T055213Z-3-001/Audio_wav/20.wav,Vĩ,7.103,Sau khi nhập ncpa.cpl cần làm gì?,excluded,audio_reference_mismatch,,excluded,False,,,
21,dataset_benchmark/Audio_wav-20260708T055213Z-3-001/Audio_wav/21.wav,Vĩ,4.628,OK trong Run có tác dụng gì?,excluded,audio_reference_mismatch,,excluded,False,,,
22,dataset_benchmark/Audio_wav-20260708T055213Z-3-001/Audio_wav/22.wav,Vĩ,5.14,Network Connections được mở ở bước nào?,excluded,audio_reference_mismatch,,excluded,False,,,
23,dataset_benchmark/Audio_wav-20260708T055213Z-3-001/Audio_wav/23.wav,Vĩ,6.591,Bước 2 là gì?,excluded,audio_reference_mismatch,,excluded,False,,,
24,dataset_benchmark/Audio_wav-20260708T055213Z-3-001/Audio_wav/24.wav,Vĩ,4.116,Cần chọn gì trong Network Connections?,excluded,audio_reference_mismatch,,excluded,False,,,
25,dataset_benchmark/Audio_wav-20260708T055213Z-3-001/Audio_wav/25.wav,Vĩ,4.116,Sau khi chọn mạng không dây thì làm gì?,excluded,audio_reference_mismatch,,excluded,False,,,
26,dataset_benchmark/Audio_wav-20260708T055213Z-3-001/Audio_wav/26.wav,Vĩ,5.481,Wireless Properties nằm ở bước mấy?,excluded,audio_reference_mismatch,,excluded,False,,,
27,dataset_benchmark/Audio_wav-20260708T055213Z-3-001/Audio_wav/27.wav,Vĩ,5.311,Bước 3 là gì?,excluded,audio_reference_mismatch,,excluded,False,,,
28,dataset_benchmark/Audio_wav-20260708T055213Z-3-001/Audio_wav/28.wav,Vĩ,4.628,Mục nào dùng để cấu hình tự động kết nối?,excluded,audio_reference_mismatch,,excluded,False,,,
29,dataset_benchmark/Audio_wav-20260708T055213Z-3-001/Audio_wav/29.wav,Vĩ,4.969,Bước 4 là gì?,excluded,audio_reference_mismatch,,excluded,False,,,
30,dataset_benchmark/Audio_wav-20260708T055213Z-3-001/Audio_wav/30.wav,Vĩ,3.604,Muốn bật tự động kết nối thì làm gì?,excluded,audio_reference_mismatch,,excluded,False,,,
31,dataset_benchmark/Audio_wav-20260708T055213Z-3-001/Audio_wav/31.wav,Vĩ,5.311,Muốn tắt tự động kết nối thì làm gì?,excluded,audio_reference_mismatch,,excluded,False,,,
32,dataset_benchmark/Audio_wav-20260708T055213Z-3-001/Audio_wav/32.wav,Vĩ,4.969,Sau khi thay đổi tùy chọn cần làm gì?,excluded,audio_reference_mismatch,,excluded,False,,,
33,dataset_benchmark/Audio_wav-20260708T055213Z-3-001/Audio_wav/33.wav,Vĩ,7.529,Sau khi nhấn OK có thể làm gì?,excluded,audio_reference_mismatch,,excluded,False,,,
34,dataset_benchmark/Audio_wav-20260708T055213Z-3-001/Audio_wav/34.wav,Vĩ,6.676,Close dùng để làm gì?,excluded,audio_reference_mismatch,,excluded,False,,,
35,dataset_benchmark/Audio_wav-20260708T055213Z-3-001/Audio_wav/35.wav,Vĩ,4.799,Có thể đóng Network Connections khi nào?,excluded,audio_reference_mismatch,,excluded,False,,,
36,dataset_benchmark/Audio_wav-20260708T055213Z-3-001/Audio_wav/36.wav,Vĩ,4.543,Quy trình gồm bao nhiêu bước?,excluded,audio_reference_mismatch,,excluded,False,,,
37,dataset_benchmark/Audio_wav-20260708T055213Z-3-001/Audio_wav/37.wav,Vĩ,5.993,Mục tiêu của hướng dẫn là gì?,excluded,audio_reference_mismatch,,excluded,False,,,
38,dataset_benchmark/Audio_wav-20260708T055213Z-3-001/Audio_wav/38.wav,Vĩ,4.969,Lệnh nào được nhập trong Run?,excluded,audio_reference_mismatch,,excluded,False,,,
39,dataset_benchmark/Audio_wav-20260708T055213Z-3-001/Audio_wav/39.wav,Vĩ,5.396,Hộp thoại nào được mở bằng Win + R?,excluded,audio_reference_mismatch,,excluded,False,,,
40,dataset_benchmark/Audio_wav-20260708T055213Z-3-001/Audio_wav/40.wav,Vĩ,5.567,Wireless Properties được mở sau thao tác nào?,excluded,audio_reference_mismatch,,excluded,False,,,
41,dataset_benchmark/Audio_wav-20260708T055213Z-3-001/Audio_wav/41.wav,Vĩ,5.055,Checkbox Connect automatically có ý nghĩa gì?,excluded,audio_reference_mismatch,,excluded,False,,,
42,dataset_benchmark/Audio_wav-20260708T055213Z-3-001/Audio_wav/42.wav,Vĩ,5.908,Muốn giữ tự động kết nối thì trạng thái checkbox thế nào?,excluded,audio_reference_mismatch,,excluded,False,,,
43,dataset_benchmark/Audio_wav-20260708T055213Z-3-001/Audio_wav/43.wav,Vĩ,4.969,Muốn ngừng tự động kết nối thì trạng thái checkbox thế nào?,excluded,audio_reference_mismatch,,excluded,False,,,
44,dataset_benchmark/Audio_wav-20260708T055213Z-3-001/Audio_wav/44.wav,Vĩ,5.311,Network Connections được truy cập bằng cách nào?,excluded,audio_reference_mismatch,,excluded,False,,,
45,dataset_benchmark/Audio_wav-20260708T055213Z-3-001/Audio_wav/45.wav,Vĩ,5.055,Sau khi mở Network Connections cần thao tác với gì?,excluded,audio_reference_mismatch,,excluded,False,,,
46,dataset_benchmark/Audio_wav-20260708T055213Z-3-001/Audio_wav/46.wav,Vĩ,5.481,Wireless Properties là nút ở bước nào?,excluded,audio_reference_mismatch,,excluded,False,,,
47,dataset_benchmark/Audio_wav-20260708T055213Z-3-001/Audio_wav/47.wav,Vĩ,6.164,Bước cuối cùng trước khi đóng cửa sổ là gì?,excluded,audio_reference_mismatch,,excluded,False,,,
48,dataset_benchmark/Audio_wav-20260708T055213Z-3-001/Audio_wav/48.wav,Vĩ,5.311,Có bắt buộc đóng Network Connections không?,excluded,audio_reference_mismatch,,excluded,False,,,
49,dataset_benchmark/Audio_wav-20260708T055213Z-3-001/Audio_wav/49.wav,Vĩ,8.639,Thao tác nào quyết định bật/tắt tự động kết nối?,excluded,audio_reference_mismatch,,excluded,False,,,
50,dataset_benchmark/Audio_wav-20260708T055213Z-3-001/Audio_wav/50.wav,Vĩ,5.823,Người dùng có thể thay đổi tự động kết nối ở đâu?,excluded,audio_reference_mismatch,,excluded,False,,,
51,dataset_benchmark/Audio_wav-20260708T055213Z-3-001/Audio_wav/51.wav,Vĩ,5.14,Sau khi cấu hình xong nên nhấn gì để lưu?,excluded,audio_reference_mismatch,,excluded,False,,,
52,dataset_benchmark/Audio_wav-20260708T055213Z-3-001/Audio_wav/52.wav,Vĩ,4.713,Mạng nào được chọn trong hướng dẫn?,excluded,audio_reference_mismatch,,excluded,False,,,
53,dataset_benchmark/Audio_wav-20260708T055213Z-3-001/Audio_wav/53.wav,Vĩ,5.481,Run được mở bằng tổ hợp phím nào?,excluded,audio_reference_mismatch,,excluded,False,,,
54,dataset_benchmark/Audio_wav-20260708T055213Z-3-001/Audio_wav/54.wav,Vĩ,6.761,Tùy chọn Connect automatically nằm ở đâu?,excluded,audio_reference_mismatch,,excluded,False,,,
55,dataset_benchmark/Audio_wav-20260708T055213Z-3-001/Audio_wav/55.wav,Vĩ,4.457,Sau khi nhấp Close có thể làm gì?,excluded,audio_reference_mismatch,,excluded,False,,,
56,dataset_benchmark/Audio_wav-20260708T055213Z-3-001/Audio_wav/56.wav,Vĩ,4.287,Bước nào liên quan đến Wireless Properties?,excluded,audio_reference_mismatch,,excluded,False,,,
57,dataset_benchmark/Audio_wav-20260708T055213Z-3-001/Audio_wav/57.wav,Vĩ,6.932,Bước nào liên quan đến Connect automatically when this network is in range?,excluded,audio_reference_mismatch,,excluded,False,,,
58,dataset_benchmark/Audio_wav-20260708T055213Z-3-001/Audio_wav/58.wav,Vĩ,5.737,Làm sao truy cập Wireless Properties?,excluded,audio_reference_mismatch,,excluded,False,,,
59,dataset_benchmark/Audio_wav-20260708T055213Z-3-001/Audio_wav/59.wav,Vĩ,3.433,Làm sao mở Network Connections nhanh?,excluded,audio_reference_mismatch,,excluded,False,,,
60,dataset_benchmark/Audio_wav-20260708T055213Z-3-001/Audio_wav/60.wav,Vĩ,4.116,Sau khi mở Run cần nhập lệnh gì?,excluded,audio_reference_mismatch,,excluded,False,,,
61,dataset_benchmark/Audio_wav-20260708T055213Z-3-001/Audio_wav/61.wav,Vĩ,4.287,Nếu muốn chỉnh tự động kết nối cần mở gì?,excluded,audio_reference_mismatch,,excluded,False,,,
62,dataset_benchmark/Audio_wav-20260708T055213Z-3-001/Audio_wav/62.wav,Vĩ,5.823,Nhấn OK sau bước nào?,excluded,audio_reference_mismatch,,excluded,False,,,
63,dataset_benchmark/Audio_wav-20260708T055213Z-3-001/Audio_wav/63.wav,Vĩ,4.116,Có thể thay đổi tự động kết nối mà không mở Wireless Properties không?,excluded,audio_reference_mismatch,,excluded,False,,,
64,dataset_benchmark/Audio_wav-20260708T055213Z-3-001/Audio_wav/64.wav,Vĩ,3.604,Làm sao đổi mật khẩu WiFi?,excluded,audio_reference_mismatch,dup-09,excluded,False,,,
65,dataset_benchmark/Audio_wav-20260708T055213Z-3-001/Audio_wav/65.wav,Vĩ,4.799,Làm sao reset modem?,excluded,audio_reference_mismatch,dup-06,excluded,False,,,
66,dataset_benchmark/Audio_wav-20260708T055213Z-3-001/Audio_wav/66.wav,Vĩ,4.372,Làm sao cài driver WiFi?,excluded,audio_reference_mismatch,dup-02,excluded,False,,,
67,dataset_benchmark/Audio_wav-20260708T055213Z-3-001/Audio_wav/67.wav,Vĩ,4.457,Làm sao đổi tên WiFi?,excluded,audio_reference_mismatch,dup-10,excluded,False,,,
68,dataset_benchmark/Audio_wav-20260708T055213Z-3-001/Audio_wav/68.wav,Vĩ,7.188,Làm sao xem mật khẩu WiFi?,excluded,audio_reference_mismatch,,excluded,False,,,
69,dataset_benchmark/Audio_wav-20260708T055213Z-3-001/Audio_wav/69.wav,Vĩ,3.519,Làm sao kết nối Bluetooth?,excluded,audio_reference_mismatch,dup-05,excluded,False,,,
70,dataset_benchmark/Audio_wav-20260708T055213Z-3-001/Audio_wav/70.wav,Vĩ,4.969,Làm sao cấu hình IP tĩnh?,excluded,audio_reference_mismatch,dup-04,excluded,False,,,
71,dataset_benchmark/Audio_wav-20260708T055213Z-3-001/Audio_wav/71.wav,Vĩ,4.543,Làm sao kiểm tra tốc độ mạng?,excluded,audio_reference_mismatch,,excluded,False,,,
72,dataset_benchmark/Audio_wav-20260708T055213Z-3-001/Audio_wav/72.wav,Vĩ,4.287,Làm sao dùng VPN?,excluded,audio_reference_mismatch,,excluded,False,,,
73,dataset_benchmark/Audio_wav-20260708T055213Z-3-001/Audio_wav/73.wav,Vĩ,3.689,Làm sao sửa lỗi DNS?,excluded,audio_reference_mismatch,dup-07,excluded,False,,,
74,dataset_benchmark/Audio_wav-20260708T055213Z-3-001/Audio_wav/74.wav,Vĩ,5.14,Làm sao cài Windows?,excluded,audio_reference_mismatch,,excluded,False,,,
75,dataset_benchmark/Audio_wav-20260708T055213Z-3-001/Audio_wav/75.wav,Vĩ,3.519,Làm sao tạo hotspot?,excluded,audio_reference_mismatch,dup-08,excluded,False,,,
76,dataset_benchmark/Audio_wav-20260708T055213Z-3-001/Audio_wav/76.wav,Vĩ,4.372,Làm sao quên WiFi đã lưu?,excluded,audio_reference_mismatch,,excluded,False,,,
77,dataset_benchmark/Audio_wav-20260708T055213Z-3-001/Audio_wav/77.wav,Vĩ,6.591,Làm sao reset mật khẩu EOS?,excluded,audio_reference_mismatch,,excluded,False,,,
78,dataset_benchmark/Audio_wav-20260708T055213Z-3-001/Audio_wav/78.wav,Vĩ,7.188,Làm sao đổi tài khoản Microsoft?,excluded,audio_reference_mismatch,,excluded,False,,,
79,dataset_benchmark/Audio_wav-20260708T055213Z-3-001/Audio_wav/79.wav,Vĩ,4.457,Sinh viên quên mật khẩu đăng nhập EOS/PEA thì giám thị xử lý thế nào?,excluded,audio_reference_mismatch,,excluded,False,,,
80,dataset_benchmark/Audio_wav-20260708T055213Z-3-001/Audio_wav/80.wav,Vĩ,5.908,Tài khoản thi EOS/PEA của sinh viên là tài khoản gì?,excluded,audio_reference_mismatch,,excluded,False,,,
81,dataset_benchmark/Audio_wav-20260708T055213Z-3-001/Audio_wav/81.wav,Vĩ,7.103,Nếu sinh viên còn lưu thông tin tài khoản WiFi Student thì có cần reset pass không?,excluded,audio_reference_mismatch,,excluded,False,,,
82,dataset_benchmark/Audio_wav-20260708T055213Z-3-001/Audio_wav/82.wav,Vĩ,5.823,Sinh viên quên luôn mật khẩu WiFi Student thì nên tìm lại ở đâu?,excluded,audio_reference_mismatch,,excluded,False,,,
83,dataset_benchmark/Audio_wav-20260708T055213Z-3-001/Audio_wav/83.wav,Vĩ,3.84,Nếu sinh viên không lưu pass và không tìm lại được trong Gmail thì làm gì?,excluded,audio_reference_mismatch,,excluded,False,,,
84,dataset_benchmark/Audio_wav-20260708T055213Z-3-001/Audio_wav/84.wav,Vĩ,4.544,Bước đầu tiên khi reset mật khẩu trên trang reset.fun.cantho là gì?,excluded,audio_reference_mismatch,,excluded,False,,,
85,dataset_benchmark/Audio_wav-20260708T055213Z-3-001/Audio_wav/85.wav,Vĩ,6.42,Sau khi hệ thống gửi mật khẩu mới về email,excluded,audio_reference_mismatch,,excluded,False,,,
86,dataset_benchmark/Audio_wav-20260708T055213Z-3-001/Audio_wav/86.wav,Vĩ,4.457,Ở bước đổi mật khẩu mới,excluded,audio_reference_mismatch,,excluded,False,,,
87,dataset_benchmark/Audio_wav-20260708T055213Z-3-001/Audio_wav/87.wav,Vĩ,5.567,Sau khi đổi mật khẩu thành công,excluded,audio_reference_mismatch,,excluded,False,,,
88,dataset_benchmark/Audio_wav-20260708T055213Z-3-001/Audio_wav/88.wav,Vĩ,5.823,Giám thị cần nhắc sinh viên lưu thông tin tài khoản ở đâu?,excluded,audio_reference_mismatch,,excluded,False,,,
89,,Vĩ,,Sinh viên hỏi có thể reset mật khẩu EOS/PEA bằng trang nào?,excluded,missing_audio,,excluded,False,,,
90,dataset_benchmark/Audio_wav-20260708T055213Z-3-001/Audio_wav/90.wav,Vĩ,3.712,Khi reset pass,excluded,audio_reference_mismatch,,excluded,False,,,
91,dataset_benchmark/Audio_wav-20260708T055213Z-3-001/Audio_wav/91.wav,Vĩ,3.285,Nếu sinh viên đổi mật khẩu xong nhưng chưa thấy thông báo thành công thì có thể kết luận đã đổi xong chưa?,excluded,audio_reference_mismatch,,excluded,False,,,
92,dataset_benchmark/Audio_wav-20260708T055213Z-3-001/Audio_wav/92.wav,Vĩ,4.116,Giám thị có được tự tạo tài khoản mới cho sinh viên không?,excluded,audio_reference_mismatch,,excluded,False,,,
93,dataset_benchmark/Audio_wav-20260708T055213Z-3-001/Audio_wav/93.wav,Vĩ,3.435,Sinh viên quên mật khẩu nhưng không có email đăng ký với trường thì xử lý thế nào?,excluded,audio_reference_mismatch,,excluded,False,,,
94,dataset_benchmark/Audio_wav-20260708T055213Z-3-001/Audio_wav/94.wav,Vĩ,4.608,Tài khoản EOS/PEA của sinh viên là tài khoản gì?,excluded,audio_reference_mismatch,,excluded,False,,,
95,dataset_benchmark/Audio_wav-20260708T055213Z-3-001/Audio_wav/95.wav,Vĩ,7.253,Khi sinh viên báo quên mật khẩu,excluded,audio_reference_mismatch,,excluded,False,,,
96,dataset_benchmark/Audio_wav-20260708T055213Z-3-001/Audio_wav/96.wav,Vĩ,6.613,Nếu sinh viên còn lưu thông tin tài khoản WiFi Student thì làm gì?,excluded,audio_reference_mismatch,,excluded,False,,,
97,dataset_benchmark/Audio_wav-20260708T055213Z-3-001/Audio_wav/97.wav,Vĩ,3.86,Nếu sinh viên quên pass Student thì có thể tìm ở đâu?,excluded,audio_reference_mismatch,,excluded,False,,,
98,dataset_benchmark/Audio_wav-20260708T055213Z-3-001/Audio_wav/98.wav,Vĩ,6.335,Nên tìm kiếm những từ khóa nào trong Gmail?,excluded,audio_reference_mismatch,,excluded,False,,,
99,dataset_benchmark/Audio_wav-20260708T055213Z-3-001/Audio_wav/99.wav,Vĩ,4.116,Giám thị nên nhắc sinh viên lưu thông tin ở đâu?,excluded,audio_reference_mismatch,,excluded,False,,,
100,dataset_benchmark/Audio_wav-20260708T055213Z-3-001/Audio_wav/100.wav,Vĩ,4.201,Vì sao nên lưu thông tin trên Notepad hoặc Word?,excluded,audio_reference_mismatch,,excluded,False,,,
101,dataset_benchmark/Audio_wav-20260708T055213Z-3-001/Audio_wav/101.wav,Toàn,7.956,Nếu không tìm lại được mật khẩu thì làm gì?,eligible,,,dev,False,,,
102,dataset_benchmark/Audio_wav-20260708T055213Z-3-001/Audio_wav/102.wav,Toàn,6.847,Bước 1 của quy trình reset là gì?,eligible,,,test,True,,,
103,dataset_benchmark/Audio_wav-20260708T055213Z-3-001/Audio_wav/103.wav,Toàn,7.7,Sau khi nhập thông tin ở bước 1 điều gì xảy ra?,eligible,,,test,True,,,
104,dataset_benchmark/Audio_wav-20260708T055213Z-3-001/Audio_wav/104.wav,Toàn,5.823,Mật khẩu mới được gửi đến đâu?,eligible,,,test,False,,,
105,dataset_benchmark/Audio_wav-20260708T055213Z-3-001/Audio_wav/105.wav,Toàn,5.567,Sau khi nhận email cần làm gì?,eligible,,,test,True,,,
106,dataset_benchmark/Audio_wav-20260708T055213Z-3-001/Audio_wav/106.wav,Toàn,6.079,Bước 2 của quy trình reset là gì?,eligible,,,test,True,,,
107,dataset_benchmark/Audio_wav-20260708T055213Z-3-001/Audio_wav/107.wav,Toàn,6.42,Ở bước 2 cần nhập mật khẩu nào?,eligible,,,test,True,,,
108,dataset_benchmark/Audio_wav-20260708T055213Z-3-001/Audio_wav/108.wav,Toàn,7.444,Sau khi bấm Enter ở bước 2 nhận được gì?,eligible,,,test,False,,,
109,dataset_benchmark/Audio_wav-20260708T055213Z-3-001/Audio_wav/109.wav,Toàn,8.041,Sau khi đổi thành công dùng mật khẩu mới ở đâu?,eligible,,,dev,False,,,
110,dataset_benchmark/Audio_wav-20260708T055213Z-3-001/Audio_wav/110.wav,Toàn,6.42,Trang web reset mật khẩu là gì?,eligible,,,test,False,,,
111,dataset_benchmark/Audio_wav-20260708T055213Z-3-001/Audio_wav/111.wav,Toàn,6.335,Email nào được dùng trong quy trình reset?,eligible,,,test,False,,,
112,dataset_benchmark/Audio_wav-20260708T055213Z-3-001/Audio_wav/112.wav,Toàn,5.973,Nếu sinh viên không nhớ pass nhưng còn Gmail thì làm gì?,eligible,,,test,True,,,
113,dataset_benchmark/Audio_wav-20260708T055213Z-3-001/Audio_wav/113.wav,Toàn,5.056,Thông tin nào cần nhập trên trang reset?,eligible,,,test,True,,,
114,dataset_benchmark/Audio_wav-20260708T055213Z-3-001/Audio_wav/114.wav,Toàn,5.056,Tên tài khoản ví dụ trong tài liệu là gì?,eligible,,,dev,False,,,
115,dataset_benchmark/Audio_wav-20260708T055213Z-3-001/Audio_wav/115.wav,Toàn,4.373,Mật khẩu mới đầu tiên lấy từ đâu?,eligible,,,test,False,,,
116,dataset_benchmark/Audio_wav-20260708T055213Z-3-001/Audio_wav/116.wav,Toàn,5.525,Sau khi nhận pass từ email thì làm gì tiếp?,eligible,,,test,False,,,
117,dataset_benchmark/Audio_wav-20260708T055213Z-3-001/Audio_wav/117.wav,Toàn,4.544,Sinh viên cần đặt mật khẩu mới theo quy tắc nào?,eligible,,,test,True,,,
118,dataset_benchmark/Audio_wav-20260708T055213Z-3-001/Audio_wav/118.wav,Toàn,4.736,Sau khi đặt mật khẩu mới cần làm gì?,eligible,,,test,False,,,
119,dataset_benchmark/Audio_wav-20260708T055213Z-3-001/Audio_wav/119.wav,Toàn,4.501,Thông báo nào xác nhận đổi pass thành công?,eligible,,,test,True,,,
120,dataset_benchmark/Audio_wav-20260708T055213Z-3-001/Audio_wav/120.wav,Toàn,6.357,Nếu sinh viên còn nhớ tài khoản nhưng quên pass thì có thể reset không?,eligible,,,test,False,,,
121,dataset_benchmark/Audio_wav-20260708T055213Z-3-001/Audio_wav/121.wav,Toàn,5.013,Giám thị hỗ trợ sinh viên bằng cách nào khi quên pass?,eligible,,,dev,False,,,
122,dataset_benchmark/Audio_wav-20260708T055213Z-3-001/Audio_wav/122.wav,Toàn,6.443,Tài khoản WiFi Student liên quan gì đến EOS/PEA?,eligible,,,dev,False,,,
123,dataset_benchmark/Audio_wav-20260708T055213Z-3-001/Audio_wav/123.wav,Toàn,5.632,Sau khi đổi pass thành công có dùng được cho WiFi Students không?,eligible,,,test,False,,,
124,dataset_benchmark/Audio_wav-20260708T055213Z-3-001/Audio_wav/124.wav,Toàn,4.373,Gmail dùng để làm gì trong hướng dẫn này?,eligible,,,test,False,,,
125,dataset_benchmark/Audio_wav-20260708T055213Z-3-001/Audio_wav/125.wav,Toàn,9.536,Nếu sinh viên không lưu thông tin tài khoản thì bước tiếp theo là gì?,eligible,,,test,True,,,
126,dataset_benchmark/Audio_wav-20260708T055213Z-3-001/Audio_wav/126.wav,Toàn,8.704,Hệ thống tự động gửi gì sau bước 1?,eligible,,,test,False,,,
127,dataset_benchmark/Audio_wav-20260708T055213Z-3-001/Audio_wav/127.wav,Toàn,8.576,Mật khẩu nhận từ email có phải mật khẩu cuối cùng không?,eligible,,,test,True,,,
128,dataset_benchmark/Audio_wav-20260708T055213Z-3-001/Audio_wav/128.wav,Toàn,8.427,Đăng nhập vào EOS bằng mật khẩu nào sau khi reset?,eligible,,,test,True,,,
129,dataset_benchmark/Audio_wav-20260708T055213Z-3-001/Audio_wav/129.wav,Toàn,7.189,Đăng nhập WiFi Students bằng mật khẩu nào?,eligible,,,test,True,,,
130,dataset_benchmark/Audio_wav-20260708T055213Z-3-001/Audio_wav/130.wav,Toàn,6.635,Mục đích của trang reset.fun.cantho là gì?,eligible,,,test,False,,,
131,dataset_benchmark/Audio_wav-20260708T055213Z-3-001/Audio_wav/131.wav,Toàn,9.472,Nếu sinh viên có file lưu tài khoản thì cần reset không?,eligible,,,test,True,,,
132,dataset_benchmark/Audio_wav-20260708T055213Z-3-001/Audio_wav/132.wav,Toàn,8.576,Những từ khóa tìm kiếm trong Gmail nhằm mục đích gì?,eligible,,,test,True,,,
133,dataset_benchmark/Audio_wav-20260708T055213Z-3-001/Audio_wav/133.wav,Toàn,7.595,Sau khi đổi pass thành công,eligible,,,test,False,,,
134,dataset_benchmark/Audio_wav-20260708T055213Z-3-001/Audio_wav/134.wav,Toàn,7.403,Ai hướng dẫn sinh viên thực hiện reset?,eligible,,,dev,False,,,
135,dataset_benchmark/Audio_wav-20260708T055213Z-3-001/Audio_wav/135.wav,Toàn,8.811,Điều kiện để nhận được email chứa pass mới là gì?,eligible,,,test,False,,,
136,dataset_benchmark/Audio_wav-20260708T055213Z-3-001/Audio_wav/136.wav,Toàn,7.403,Bước nào yêu cầu kiểm tra email?,eligible,,,dev,False,,,
137,dataset_benchmark/Audio_wav-20260708T055213Z-3-001/Audio_wav/137.wav,Toàn,8.491,Bước nào yêu cầu nhập lại mật khẩu mới?,eligible,,,test,True,,,
138,dataset_benchmark/Audio_wav-20260708T055213Z-3-001/Audio_wav/138.wav,Toàn,9.387,Thông tin nên lưu để tránh quên pass lần sau là gì?,eligible,,,test,True,,,
139,dataset_benchmark/Audio_wav-20260708T055213Z-3-001/Audio_wav/139.wav,Toàn,6.912,Làm sao cài lại Windows?,eligible,,dup-03,test,True,,,
140,dataset_benchmark/Audio_wav-20260708T055213Z-3-001/Audio_wav/140.wav,Toàn,8.875,Làm sao đổi tên WiFi?,eligible,,dup-10,test,True,,,
141,dataset_benchmark/Audio_wav-20260708T055213Z-3-001/Audio_wav/141.wav,Toàn,7.104,Làm sao cấu hình IP tĩnh?,eligible,,dup-04,test,False,,,
142,dataset_benchmark/Audio_wav-20260708T055213Z-3-001/Audio_wav/142.wav,Toàn,3.989,Làm sao cài driver mạng?,eligible,,,test,False,,,
143,dataset_benchmark/Audio_wav-20260708T055213Z-3-001/Audio_wav/143.wav,Toàn,8.363,Làm sao kết nối Bluetooth?,eligible,,dup-05,test,False,,,
144,dataset_benchmark/Audio_wav-20260708T055213Z-3-001/Audio_wav/144.wav,Toàn,9.045,Làm sao thay đổi email trường?,eligible,,,test,True,,,
145,dataset_benchmark/Audio_wav-20260708T055213Z-3-001/Audio_wav/145.wav,Toàn,9.323,Làm sao xóa tài khoản EOS?,eligible,,,dev,False,,,
146,dataset_benchmark/Audio_wav-20260708T055213Z-3-001/Audio_wav/146.wav,Toàn,5.269,Làm sao tạo tài khoản WiFi Student mới?,eligible,,,test,True,,,
147,dataset_benchmark/Audio_wav-20260708T055213Z-3-001/Audio_wav/147.wav,Toàn,5.12,Làm sao nâng cấp tài khoản Coursera?,eligible,,,test,False,,,
148,dataset_benchmark/Audio_wav-20260708T055213Z-3-001/Audio_wav/148.wav,Toàn,4.672,Làm sao cài phần mềm EOS?,eligible,,,test,True,,,
149,dataset_benchmark/Audio_wav-20260708T055213Z-3-001/Audio_wav/149.wav,Toàn,4.672,Làm sao kiểm tra tốc độ Internet?,eligible,,,dev,False,,,
150,dataset_benchmark/Audio_wav-20260708T055213Z-3-001/Audio_wav/150.wav,Toàn,4.352,Làm sao sửa lỗi DNS?,eligible,,dup-07,dev,False,,,
151,dataset_benchmark/Audio_wav-20260708T055213Z-3-001/Audio_wav/151.wav,Toàn,4.267,Forget WiFi dùng để làm gì?,eligible,,,test,False,,,
152,dataset_benchmark/Audio_wav-20260708T055213Z-3-001/Audio_wav/152.wav,Toàn,4.672,Bước đầu tiên để Forget WiFi là gì?,eligible,,,test,True,,,
153,dataset_benchmark/Audio_wav-20260708T055213Z-3-001/Audio_wav/153.wav,Toàn,4.267,Sau khi mở Settings thì chọn mục nào?,eligible,,,test,True,,,
154,dataset_benchmark/Audio_wav-20260708T055213Z-3-001/Audio_wav/154.wav,Toàn,5.717,Có thể vào Network & Internet bằng cách khác không?,eligible,,,dev,False,,,
155,dataset_benchmark/Audio_wav-20260708T055213Z-3-001/Audio_wav/155.wav,Toàn,4.971,Để xem danh sách WiFi đã lưu thì vào đâu?,eligible,,,test,False,,,
156,dataset_benchmark/Audio_wav-20260708T055213Z-3-001/Audio_wav/156.wav,Toàn,4.48,Làm sao để xóa một mạng WiFi đã lưu?,eligible,,,test,True,,,
157,dataset_benchmark/Audio_wav-20260708T055213Z-3-001/Audio_wav/157.wav,Toàn,4.096,Trong kỳ thi được phép giữ lại mạng nào?,eligible,,,dev,False,,,
158,dataset_benchmark/Audio_wav-20260708T055213Z-3-001/Audio_wav/158.wav,Toàn,5.525,Giám thị cần kiểm tra tình trạng Forget WiFi khi nào?,eligible,,,test,True,,,
159,dataset_benchmark/Audio_wav-20260708T055213Z-3-001/Audio_wav/159.wav,Toàn,5.931,Nếu sinh viên giữ lại WiFi khác ngoài FU-Exam thì sao?,eligible,,,test,True,,,
160,dataset_benchmark/Audio_wav-20260708T055213Z-3-001/Audio_wav/160.wav,Toàn,7.403,Nếu sinh viên cố tình không forget WiFi và máy tự chuyển sang mạng khác thì sao?,eligible,,,test,False,,,
161,dataset_benchmark/Audio_wav-20260708T055213Z-3-001/Audio_wav/161.wav,Toàn,5.035,Nếu có quá nhiều mạng WiFi thì xử lý thế nào?,eligible,,,test,True,,,
162,dataset_benchmark/Audio_wav-20260708T055213Z-3-001/Audio_wav/162.wav,Toàn,5.568,Lệnh nào dùng để xóa toàn bộ hồ sơ WiFi?,eligible,,,dev,False,,,
163,dataset_benchmark/Audio_wav-20260708T055213Z-3-001/Audio_wav/163.wav,Toàn,4.629,Command Prompt cần mở bằng quyền gì?,eligible,,,test,True,,,
164,dataset_benchmark/Audio_wav-20260708T055213Z-3-001/Audio_wav/164.wav,Toàn,5.525,Có được giữ lại WiFi Student cùng với FU-Exam không?,eligible,,,test,True,,,
165,dataset_benchmark/Audio_wav-20260708T055213Z-3-001/Audio_wav/165.wav,Toàn,5.397,Nếu lệnh xóa WiFi không hoạt động thì làm gì?,eligible,,,test,False,,,
166,dataset_benchmark/Audio_wav-20260708T055213Z-3-001/Audio_wav/166.wav,Trí,6.249,Giám thị có được đổi mật khẩu WiFi cho sinh viên không?,eligible,,,dev,False,,,
167,dataset_benchmark/Audio_wav-20260708T055213Z-3-001/Audio_wav/167.wav,Trí,5.908,Có thể mở Settings bằng cách nào?,eligible,,,dev,False,,,
168,dataset_benchmark/Audio_wav-20260708T055213Z-3-001/Audio_wav/168.wav,Trí,5.481,Windows + I dùng để làm gì?,eligible,,,test,True,,,
169,dataset_benchmark/Audio_wav-20260708T055213Z-3-001/Audio_wav/169.wav,Trí,4.884,Biểu tượng Settings có hình gì?,eligible,,,test,False,,,
170,dataset_benchmark/Audio_wav-20260708T055213Z-3-001/Audio_wav/170.wav,Trí,5.396,Sau khi mở Settings cần chọn gì?,eligible,,,test,False,,,
171,dataset_benchmark/Audio_wav-20260708T055213Z-3-001/Audio_wav/171.wav,Trí,5.396,Network & Internet nằm ở đâu?,eligible,,,test,True,,,
172,dataset_benchmark/Audio_wav-20260708T055213Z-3-001/Audio_wav/172.wav,Trí,5.908,Có thể truy cập Network & Internet từ đâu?,eligible,,,test,True,,,
173,dataset_benchmark/Audio_wav-20260708T055213Z-3-001/Audio_wav/173.wav,Trí,6.249,Biểu tượng quả cầu xuất hiện khi nào?,eligible,,,test,False,,,
174,dataset_benchmark/Audio_wav-20260708T055213Z-3-001/Audio_wav/174.wav,Trí,4.543,Bước 3 của quy trình là gì?,eligible,,,test,False,,,
175,dataset_benchmark/Audio_wav-20260708T055213Z-3-001/Audio_wav/175.wav,Trí,5.481,Manage known networks dùng để làm gì?,eligible,,,test,True,,,
176,dataset_benchmark/Audio_wav-20260708T055213Z-3-001/Audio_wav/176.wav,Trí,5.311,Danh sách nào xuất hiện trong Manage known networks?,eligible,,,test,False,,,
177,dataset_benchmark/Audio_wav-20260708T055213Z-3-001/Audio_wav/177.wav,Trí,4.116,Forget dùng để làm gì?,eligible,,,test,True,,,
178,dataset_benchmark/Audio_wav-20260708T055213Z-3-001/Audio_wav/178.wav,Trí,4.201,Chỉ được giữ lại mạng nào?,eligible,,,test,True,,,
179,dataset_benchmark/Audio_wav-20260708T055213Z-3-001/Audio_wav/179.wav,Trí,5.311,GT kiểm tra Forget WiFi khi nào?,eligible,,,test,False,,,
180,dataset_benchmark/Audio_wav-20260708T055213Z-3-001/Audio_wav/180.wav,Trí,5.652,Sau khi sinh viên nộp bài cần kiểm tra ở đâu?,eligible,,,test,False,,,
181,dataset_benchmark/Audio_wav-20260708T055213Z-3-001/Audio_wav/181.wav,Trí,5.14,Nếu giữ WiFi ngoài FU‑Exam thì sao?,eligible,,,dev,False,,,
182,dataset_benchmark/Audio_wav-20260708T055213Z-3-001/Audio_wav/182.wav,Trí,3.945,Khi nào lập biên bản đình chỉ?,eligible,,,dev,False,,,
183,dataset_benchmark/Audio_wav-20260708T055213Z-3-001/Audio_wav/183.wav,Trí,3.604,Khi nào dùng Command Prompt?,eligible,,,test,True,,,
184,dataset_benchmark/Audio_wav-20260708T055213Z-3-001/Audio_wav/184.wav,Trí,4.116,Command Prompt mở bằng quyền gì?,eligible,,,test,True,,,
185,dataset_benchmark/Audio_wav-20260708T055213Z-3-001/Audio_wav/185.wav,Trí,3.433,Gõ gì để mở Command Prompt?,eligible,,,test,True,,,
186,dataset_benchmark/Audio_wav-20260708T055213Z-3-001/Audio_wav/186.wav,Trí,3.604,Lệnh nào xóa toàn bộ hồ sơ WiFi?,eligible,,,test,False,,,
187,dataset_benchmark/Audio_wav-20260708T055213Z-3-001/Audio_wav/187.wav,Trí,4.201,Sau khi nhập lệnh cần làm gì?,eligible,,,test,True,,,
188,dataset_benchmark/Audio_wav-20260708T055213Z-3-001/Audio_wav/188.wav,Trí,3.86,Lệnh netsh có tác dụng gì?,eligible,,,test,False,,,
189,dataset_benchmark/Audio_wav-20260708T055213Z-3-001/Audio_wav/189.wav,Trí,4.457,Bước 1 của hướng dẫn Forget WiFi là gì?,eligible,,,test,False,,,
190,dataset_benchmark/Audio_wav-20260708T055213Z-3-001/Audio_wav/190.wav,Trí,3.86,Bước 2 của hướng dẫn là gì?,eligible,,,test,False,,,
191,dataset_benchmark/Audio_wav-20260708T055213Z-3-001/Audio_wav/191.wav,Trí,3.092,Bước 4 của hướng dẫn là gì?,eligible,,,test,False,,,
192,dataset_benchmark/Audio_wav-20260708T055213Z-3-001/Audio_wav/192.wav,Trí,6.079,GT có thể truy cập Network & Internet settings từ đâu trên Taskbar?,eligible,,,test,True,,,
193,dataset_benchmark/Audio_wav-20260708T055213Z-3-001/Audio_wav/193.wav,Trí,3.433,Wi‑Fi nằm ở đâu trong Settings?,eligible,,,test,True,,,
194,dataset_benchmark/Audio_wav-20260708T055213Z-3-001/Audio_wav/194.wav,Trí,3.348,Sau khi chọn Wi‑Fi cần chọn gì?,eligible,,,test,True,,,
195,dataset_benchmark/Audio_wav-20260708T055213Z-3-001/Audio_wav/195.wav,Trí,2.495,Mạng nào phải được xóa?,eligible,,,test,True,,,
196,dataset_benchmark/Audio_wav-20260708T055213Z-3-001/Audio_wav/196.wav,Trí,3.604,Mục tiêu của Forget WiFi là gì?,eligible,,,test,True,,,
197,dataset_benchmark/Audio_wav-20260708T055213Z-3-001/Audio_wav/197.wav,Trí,3.604,Nếu có quá nhiều mạng thì xử lý thế nào?,eligible,,,test,False,,,
198,dataset_benchmark/Audio_wav-20260708T055213Z-3-001/Audio_wav/198.wav,Trí,3.945,Run as administrator dùng cho ứng dụng nào?,eligible,,,test,True,,,
199,dataset_benchmark/Audio_wav-20260708T055213Z-3-001/Audio_wav/199.wav,Trí,4.628,Enter được nhấn ở bước nào của CMD?,eligible,,,dev,False,,,
200,dataset_benchmark/Audio_wav-20260708T055213Z-3-001/Audio_wav/200.wav,Trí,3.689,GT hành lang được báo khi nào?,eligible,,,dev,False,,,
201,dataset_benchmark/Audio_wav-20260708T055213Z-3-001/Audio_wav/201.wav,Trí,3.177,Có cần kiểm tra trước thi không?,eligible,,,test,True,,,
202,dataset_benchmark/Audio_wav-20260708T055213Z-3-001/Audio_wav/202.wav,Trí,3.263,Có cần kiểm tra sau thi không?,eligible,,,dev,False,,,
203,dataset_benchmark/Audio_wav-20260708T055213Z-3-001/Audio_wav/203.wav,Trí,2.58,Forget nằm ở đâu?,eligible,,,test,True,,,
204,dataset_benchmark/Audio_wav-20260708T055213Z-3-001/Audio_wav/204.wav,Trí,3.519,Mạng WiFi nào không được giữ lại?,eligible,,,test,False,,,
205,dataset_benchmark/Audio_wav-20260708T055213Z-3-001/Audio_wav/205.wav,Trí,4.713,Sinh viên cố tình không Forget WiFi bị xử lý thế nào?,eligible,,,test,False,,,
206,dataset_benchmark/Audio_wav-20260708T055213Z-3-001/Audio_wav/206.wav,Trí,4.201,Biểu tượng WiFi trên Taskbar dùng để làm gì?,eligible,,,test,True,,,
207,dataset_benchmark/Audio_wav-20260708T055213Z-3-001/Audio_wav/207.wav,Trí,2.324,Start nằm ở đâu?,eligible,,,dev,False,,,
208,dataset_benchmark/Audio_wav-20260708T055213Z-3-001/Audio_wav/208.wav,Trí,3.689,Settings có thể mở bằng menu nào?,eligible,,,test,True,,,
209,dataset_benchmark/Audio_wav-20260708T055213Z-3-001/Audio_wav/209.wav,Trí,3.86,Mục nào chứa Manage known networks?,eligible,,,test,False,,,
210,dataset_benchmark/Audio_wav-20260708T055213Z-3-001/Audio_wav/210.wav,Trí,4.628,GT kiểm tra tình trạng gì trên máy sinh viên?,eligible,,,test,True,,,
211,dataset_benchmark/Audio_wav-20260708T055213Z-3-001/Audio_wav/211.wav,Trí,6.42,Mục đích của lệnh netsh wlan delete profile là gì?,eligible,,,test,True,,,
212,dataset_benchmark/Audio_wav-20260708T055213Z-3-001/Audio_wav/212.wav,Trí,3.86,Làm sao đổi mật khẩu WiFi?,eligible,,dup-09,test,True,,,
213,dataset_benchmark/Audio_wav-20260708T055213Z-3-001/Audio_wav/213.wav,Trí,3.519,Làm sao reset modem?,eligible,,dup-06,dev,False,,,
214,dataset_benchmark/Audio_wav-20260708T055213Z-3-001/Audio_wav/214.wav,Trí,4.372,Làm sao cài driver WiFi?,eligible,,dup-02,test,True,,,
215,dataset_benchmark/Audio_wav-20260708T055213Z-3-001/Audio_wav/215.wav,Trí,3.689,Làm sao đổi SSID?,eligible,,,test,True,,,
216,dataset_benchmark/Audio_wav-20260708T055213Z-3-001/Audio_wav/216.wav,Trí,4.116,Làm sao cấu hình IP tĩnh?,eligible,,dup-04,dev,False,,,
217,dataset_benchmark/Audio_wav-20260708T055213Z-3-001/Audio_wav/217.wav,Trí,3.775,Làm sao tạo hotspot?,eligible,,dup-08,test,False,,,
218,dataset_benchmark/Audio_wav-20260708T055213Z-3-001/Audio_wav/218.wav,Trí,3.263,Làm sao kết nối Bluetooth?,eligible,,dup-05,dev,False,,,
219,dataset_benchmark/Audio_wav-20260708T055213Z-3-001/Audio_wav/219.wav,Trí,3.263,Làm sao cài VPN?,eligible,,,test,False,,,
220,dataset_benchmark/Audio_wav-20260708T055213Z-3-001/Audio_wav/220.wav,Trí,3.604,Làm sao sửa DNS?,eligible,,,dev,False,,,
221,dataset_benchmark/Audio_wav-20260708T055213Z-3-001/Audio_wav/221.wav,Trí,3.263,Làm sao cài lại Windows?,eligible,,dup-03,test,False,,,
222,dataset_benchmark/Audio_wav-20260708T055213Z-3-001/Audio_wav/222.wav,Trí,3.775,Làm sao đổi mật khẩu Student?,eligible,,,test,True,,,
223,dataset_benchmark/Audio_wav-20260708T055213Z-3-001/Audio_wav/223.wav,Trí,3.007,Làm sao cài EOS?,eligible,,,test,False,,,
224,dataset_benchmark/Audio_wav-20260708T055213Z-3-001/Audio_wav/224.wav,Trí,4.969,Sinh viên cần làm gì trước khi đăng nhập bài thi viết Nhật?,eligible,,,test,True,,,
225,dataset_benchmark/Audio_wav-20260708T055213Z-3-001/Audio_wav/225.wav,Trí,4.287,Làm sao để tắt bộ gõ tiếng Việt đang chạy?,eligible,,,test,False,,,
226,dataset_benchmark/Audio_wav-20260708T055213Z-3-001/Audio_wav/226.wav,Trí,3.177,Sau khi tắt bộ gõ tiếng Việt,eligible,,,test,True,,,
227,dataset_benchmark/Audio_wav-20260708T055213Z-3-001/Audio_wav/227.wav,Trí,4.031,Bộ gõ tiếng Việt cần được chạy bằng quyền gì?,eligible,,dup-01,test,False,,,
228,dataset_benchmark/Audio_wav-20260708T055213Z-3-001/Audio_wav/228.wav,Trí,4.543,Laptop của sinh viên cần cài sẵn gì cho phần thi viết Nhật?,eligible,,,test,True,,,
229,dataset_benchmark/Audio_wav-20260708T055213Z-3-001/Audio_wav/229.wav,Trí,2.921,Trong phần mềm thi,eligible,,,test,True,,,
230,dataset_benchmark/Audio_wav-20260708T055213Z-3-001/Audio_wav/230.wav,Trí,4.799,Input mode để gõ chữ tiếng Nhật là gì?,eligible,,,dev,False,,,
231,,Khôi,,Làm sao để chuyển từ gõ tiếng Nhật sang tiếng Việt?,excluded,missing_audio,,excluded,False,,,
232,,Khôi,,Lệnh nào dùng để chạy lại bộ gõ tiếng Việt?,excluded,missing_audio,,excluded,False,,,
233,,Khôi,,Lệnh nào dùng để tắt Vietkey hoặc Unikey?,excluded,missing_audio,,excluded,False,,,
234,,Khôi,,Font chữ nào cần có trên laptop sinh viên?,excluded,missing_audio,,excluded,False,,,
235,,Khôi,,Nếu sinh viên muốn gõ tiếng Nhật trong phần mềm thi thì input mode phải là gì?,excluded,missing_audio,,excluded,False,,,
236,,Khôi,,Nếu đang gõ tiếng Nhật mà muốn chuyển sang tiếng Việt thì chọn gì?,excluded,missing_audio,,excluded,False,,,
237,,Khôi,,Nếu máy chưa cài bộ gõ tiếng Nhật thì xử lý thế nào?,excluded,missing_audio,,excluded,False,,,
238,,Khôi,,Nếu chọn Close IME rồi vẫn không gõ được tiếng Việt thì làm gì?,excluded,missing_audio,,excluded,False,,,
239,,Khôi,,Sinh viên có cần đổi mật khẩu để gõ được tiếng Nhật không?,excluded,missing_audio,,excluded,False,,,
240,,Khôi,,Trước khi đăng nhập bài thi Nhật cần làm gì với bộ gõ tiếng Việt?,excluded,missing_audio,,excluded,False,,,
241,,Khôi,,Bộ gõ tiếng Việt nào được nhắc đến trong hướng dẫn?,excluded,missing_audio,,excluded,False,,,
242,,Khôi,,Thanh nào được mở để tắt bộ gõ tiếng Việt?,excluded,missing_audio,,excluded,False,,,
243,,Khôi,,Cần click chuột như thế nào vào biểu tượng Vietkey hoặc Unikey?,excluded,missing_audio,,excluded,False,,,
244,,Khôi,,Sau khi click chuột phải vào Vietkey hoặc Unikey cần chọn gì?,excluded,missing_audio,,excluded,False,,,
245,,Khôi,,Mục đích của việc chọn Kết thúc là gì?,excluded,missing_audio,,excluded,False,,,
246,,Khôi,,Sau khi tắt bộ gõ tiếng Việt cần làm gì tiếp theo?,excluded,missing_audio,,excluded,False,,,
247,,Khôi,,Bộ gõ tiếng Việt cần được chạy bằng quyền gì?,excluded,missing_audio,dup-01,excluded,False,,,
248,,Khôi,,Tùy chọn nào dùng để chạy bộ gõ bằng quyền Admin?,excluded,missing_audio,,excluded,False,,,
249,,Khôi,,Run as administrator được dùng ở bước nào?,excluded,missing_audio,,excluded,False,,,
250,,Khôi,,Laptop sinh viên cần cài sẵn font chữ nào?,excluded,missing_audio,,excluded,False,,,
251,,Khôi,,Ngoài font chữ MS Mincho,excluded,missing_audio,,excluded,False,,,
252,,Khôi,,Trong phần mềm thi cần chuyển sang bộ gõ nào?,excluded,missing_audio,,excluded,False,,,
253,,Khôi,,Input mode nào được sử dụng để gõ tiếng Nhật?,excluded,missing_audio,,excluded,False,,,
254,,Khôi,,Hiragana được dùng để làm gì?,excluded,missing_audio,,excluded,False,,,
255,,Khôi,,Sinh viên cần chuyển sang bộ gõ nào để gõ tiếng Nhật?,excluded,missing_audio,,excluded,False,,,
256,,Khôi,,Muốn gõ chữ tiếng Nhật cần thiết lập gì?,excluded,missing_audio,,excluded,False,,,
257,,Khôi,,Khi đang ở chế độ gõ tiếng Nhật muốn chuyển sang tiếng Việt thì làm sao?,excluded,missing_audio,,excluded,False,,,
258,,Khôi,,Close IME dùng để làm gì?,excluded,missing_audio,,excluded,False,,,
259,,Khôi,,Cần click chuột phải ở đâu để chọn Close IME?,excluded,missing_audio,,excluded,False,,,
260,,Khôi,,Close IME xuất hiện ở đâu?,excluded,missing_audio,,excluded,False,,,
261,,Khôi,,Bước đầu tiên trước khi thi viết Nhật là gì?,excluded,missing_audio,,excluded,False,,,
262,,Khôi,,Taskbar nằm ở đâu theo hướng dẫn?,excluded,missing_audio,,excluded,False,,,
263,,Khôi,,Có cần tắt Unikey trước khi vào bài thi không?,excluded,missing_audio,,excluded,False,,,
264,,Khôi,,Có cần tắt Vietkey trước khi vào bài thi không?,excluded,missing_audio,,excluded,False,,,
265,,Khôi,,Sau khi chọn Kết thúc thì bộ gõ tiếng Việt ở trạng thái nào?,excluded,missing_audio,,excluded,False,,,
266,,Khôi,,Mật khẩu của FU-Exam là gì?,excluded,missing_audio,,excluded,False,,,
267,,Khôi,,Checkout ở đâu?,excluded,missing_audio,,excluded,False,,,
268,,Khôi,,MS Mincho có vai trò gì trong hướng dẫn?,excluded,missing_audio,,excluded,False,,,
269,,Khôi,,Bộ gõ tiếng Nhật có vai trò gì?,excluded,missing_audio,,excluded,False,,,
270,,Khôi,,Trong phần mềm thi có cần dùng bộ gõ tiếng Việt để gõ tiếng Nhật không?,excluded,missing_audio,,excluded,False,,,
271,,Khôi,,Muốn chuyển lại tiếng Việt sau khi gõ tiếng Nhật thì chọn gì?,excluded,missing_audio,,excluded,False,,,
272,,Khôi,,Close IME được chọn bằng thao tác nào?,excluded,missing_audio,,excluded,False,,,
273,,Khôi,,Hướng dẫn này áp dụng cho phần thi nào?,excluded,missing_audio,,excluded,False,,,
274,,Khôi,,Sinh viên cần chuẩn bị gì về phần mềm trước khi thi viết Nhật?,excluded,missing_audio,,excluded,False,,,
275,,Khôi,,Sinh viên cần chuẩn bị gì về font chữ?,excluded,missing_audio,,excluded,False,,,
276,,Khôi,,Bộ gõ tiếng Việt được khởi động lại khi nào?,excluded,missing_audio,,excluded,False,,,
277,,Khôi,,Nếu muốn nhập tiếng Nhật thì nên chọn chế độ nào?,excluded,missing_audio,,excluded,False,,,
278,,Khôi,,Sau khi chuyển sang Hiragana có thể làm gì?,excluded,missing_audio,,excluded,False,,,
279,,Khôi,,Hướng dẫn có yêu cầu cài sẵn bộ gõ tiếng Nhật không?,excluded,missing_audio,,excluded,False,,,
280,,Khôi,,Trước khi chọn Close IME cần ở chế độ nào?,excluded,missing_audio,,excluded,False,,,
281,,Khôi,,Mục đích của hướng dẫn là gì?,excluded,missing_audio,,excluded,False,,,
282,,Khôi,,Sinh viên cần thao tác với Unikey như thế nào trước khi thi?,excluded,missing_audio,,excluded,False,,,
283,,Khôi,,Sinh viên cần thao tác với Vietkey như thế nào trước khi thi?,excluded,missing_audio,,excluded,False,,,
284,,Khôi,,Input mode được nhắc đến trong hướng dẫn là gì?,excluded,missing_audio,,excluded,False,,,
285,,Khôi,,Sau khi hoàn tất cài đặt có thể gõ loại ngôn ngữ nào?,excluded,missing_audio,,excluded,False,,,
286,,Khôi,,Để quay lại gõ tiếng Việt cần sử dụng tính năng nào?,excluded,missing_audio,,excluded,False,,,
287,,Khôi,,Close IME giúp chuyển giữa những ngôn ngữ nào?,excluded,missing_audio,,excluded,False,,,
288,,Khôi,,Đổi mật khẩu WiFi Student?,excluded,missing_audio,,excluded,False,,,
289,,Khôi,,Reset mật khẩu EOS?,excluded,missing_audio,,excluded,False,,,
290,,Khôi,,Cài đặt Coursera?,excluded,missing_audio,,excluded,False,,,
291,,Khôi,,Kết nối FU-Exam?,excluded,missing_audio,,excluded,False,,,
292,,Khôi,,Nộp bài trên E360?,excluded,missing_audio,,excluded,False,,,
293,,Khôi,,Cài driver âm thanh?,excluded,missing_audio,,excluded,False,,,
294,,Khôi,,Đăng nhập Google?,excluded,missing_audio,,excluded,False,,,
295,,Khôi,,Đổi mật khẩu Gmail?,excluded,missing_audio,,excluded,False,,,
296,,Khôi,,Tạo hotspot WiFi?,excluded,missing_audio,,excluded,False,,,
297,,Khôi,,Cấu hình IP tĩnh?,excluded,missing_audio,,excluded,False,,,
298,,Khôi,,Sửa lỗi DNS?,excluded,missing_audio,,excluded,False,,,
299,,Khôi,,Cài lại Windows?,excluded,missing_audio,,excluded,False,,,
